timestamp_ms,emg_raw,lead_off
0,289,0
0,263,0
1,242,0
1,228,0
2,213,0
2,202,0
2,192,0
3,184,0
3,176,0
4,168,0
4,157,0
5,146,0
7,136,0
8,128,0
8,123,0
9,119,0
10,116,0
11,115,0
11,115,0
12,115,0
13,114,0
14,114,0
15,114,0
16,115,0
16,118,0
17,120,0
18,120,0
19,118,0
20,117,0
21,115,0
21,113,0
22,111,0
23,109,0
24,108,0
25,107,0
26,102,0
26,100,0
27,97,0
28,96,0
29,96,0
29,96,0
30,98,0
31,101,0
32,100,0
33,102,0
33,104,0
34,103,0
35,108,0
36,111,0
37,113,0
38,115,0
38,113,0
39,112,0
40,111,0
41,109,0
42,107,0
43,105,0
43,105,0
44,104,0
45,100,0
46,97,0
47,94,0
47,94,0
49,94,0
50,95,0
51,97,0
51,99,0
52,100,0
53,101,0
54,102,0
55,103,0
55,105,0
56,110,0
57,113,0
58,113,0
59,114,0
60,112,0
60,110,0
61,108,0
62,107,0
63,106,0
64,105,0
65,104,0
65,102,0
66,97,0
67,95,0
68,93,0
68,94,0
69,95,0
70,96,0
71,97,0
71,100,0
72,101,0
73,103,0
74,103,0
75,105,0
76,109,0
76,111,0
77,113,0
78,112,0
79,112,0
80,110,0
81,107,0
81,107,0
82,106,0
83,104,0
84,103,0
85,100,0
86,97,0
86,95,0
87,94,0
88,94,0
89,94,0
89,96,0
90,98,0
92,98,0
93,101,0
93,101,0
94,103,0
95,104,0
96,107,0
97,111,0
98,112,0
98,112,0
99,111,0
100,110,0
101,107,0
102,106,0
103,104,0
104,103,0
105,103,0
106,99,0
106,96,0
107,94,0
108,93,0
109,93,0
110,95,0
111,97,0
111,99,0
112,100,0
113,101,0
114,103,0
115,105,0
116,111,0
117,116,0
118,117,0
119,116,0
119,114,0
120,112,0
121,110,0
122,108,0
123,107,0
124,107,0
125,104,0
126,100,0
127,98,0
128,96,0
128,97,0
129,99,0
130,101,0
131,105,0
132,107,0
133,108,0
135,108,0
136,112,0
137,115,0
137,118,0
138,118,0
139,118,0
140,117,0
141,114,0
142,112,0
143,110,0
144,108,0
145,108,0
146,104,0
147,101,0
148,100,0
148,99,0
149,100,0
150,102,0
151,104,0
152,106,0
153,107,0
154,108,0
155,109,0
156,113,0
157,118,0
157,119,0
158,119,0
159,118,0
160,115,0
161,113,0
162,111,0
163,109,0
164,109,0
165,107,0
166,103,0
167,100,0
168,98,0
168,100,0
169,101,0
170,103,0
171,104,0
172,106,0
173,108,0
174,109,0
175,112,0
177,116,0
178,119,0
178,120,0
179,118,0
180,116,0
181,114,0
182,112,0
183,111,0
184,109,0
185,109,0
186,105,0
187,102,0
188,99,0
188,99,0
189,99,0
190,101,0
191,103,0
192,105,0
193,106,0
194,107,0
195,109,0
196,114,0
197,117,0
197,120,0
198,120,0
199,118,0
200,115,0
201,113,0
202,111,0
203,110,0
204,109,0
205,107,0
206,104,0
207,101,0
207,99,0
208,99,0
209,100,0
210,101,0
211,104,0
212,106,0
213,107,0
214,108,0
215,110,0
216,115,0
216,118,0
217,119,0
218,118,0
220,116,0
221,115,0
222,113,0
223,110,0
224,109,0
225,108,0
226,106,0
227,102,0
227,100,0
228,99,0
229,100,0
230,101,0
231,103,0
232,104,0
233,106,0
234,107,0
235,109,0
236,112,0
237,117,0
237,119,0
238,120,0
239,118,0
240,115,0
241,113,0
242,110,0
243,110,0
244,109,0
245,108,0
246,104,0
247,100,0
247,98,0
248,99,0
249,99,0
250,102,0
251,104,0
252,105,0
253,107,0
254,108,0
255,111,0
255,114,0
256,117,0
257,119,0
258,119,0
259,117,0
260,116,0
261,113,0
263,111,0
264,109,0
265,109,0
266,107,0
266,103,0
267,101,0
268,100,0
269,100,0
270,102,0
271,103,0
272,105,0
273,107,0
274,109,0
275,109,0
276,113,0
277,117,0
277,120,0
278,119,0
279,118,0
280,115,0
281,114,0
282,112,0
283,110,0
284,109,0
285,108,0
286,105,0
287,101,0
287,100,0
288,100,0
289,101,0
290,103,0
291,105,0
292,107,0
293,108,0
294,109,0
295,111,0
296,116,0
297,119,0
298,120,0
298,119,0
299,118,0
300,115,0
301,114,0
302,112,0
303,110,0
305,110,0
306,106,0
307,103,0
308,100,0
309,99,0
309,100,0
310,101,0
311,104,0
312,105,0
313,107,0
314,108,0
315,109,0
316,113,0
317,117,0
318,119,0
319,119,0
319,118,0
320,116,0
321,114,0
322,112,0
323,111,0
324,110,0
325,108,0
326,104,0
327,101,0
328,99,0
329,100,0
329,100,0
330,102,0
331,105,0
332,107,0
333,109,0
334,110,0
335,111,0
336,116,0
337,119,0
338,119,0
339,119,0
339,117,0
340,115,0
341,113,0
342,111,0
343,110,0
344,109,0
345,106,0
346,103,0
348,100,0
349,99,0
350,100,0
350,102,0
351,104,0
352,107,0
353,107,0
354,108,0
355,109,0
356,113,0
357,118,0
358,119,0
359,120,0
360,118,0
360,116,0
361,114,0
362,112,0
363,110,0
364,110,0
365,108,0
366,105,0
367,101,0
368,100,0
369,99,0
370,101,0
370,103,0
371,105,0
372,106,0
373,108,0
374,109,0
375,112,0
376,116,0
377,119,0
378,119,0
379,119,0
380,116,0
380,116,0
381,113,0
382,112,0
383,110,0
384,109,0
385,107,0
386,103,0
387,100,0
388,99,0
389,100,0
391,102,0
391,104,0
392,106,0
393,108,0
394,110,0
395,109,0
396,114,0
397,118,0
398,120,0
399,120,0
400,118,0
401,116,0
401,115,0
402,112,0
403,110,0
404,109,0
405,108,0
406,104,0
407,102,0
408,100,0
409,100,0
410,102,0
411,104,0
412,106,0
412,107,0
413,108,0
414,109,0
415,113,0
416,116,0
417,119,0
418,120,0
419,118,0
420,117,0
421,114,0
422,113,0
422,111,0
423,110,0
424,109,0
425,107,0
426,102,0
427,100,0
428,99,0
429,101,0
430,102,0
431,105,0
433,106,0
433,108,0
434,109,0
435,111,0
436,114,0
437,118,0
438,120,0
439,119,0
440,118,0
441,116,0
442,114,0
443,112,0
443,110,0
444,109,0
445,107,0
446,104,0
447,101,0
448,100,0
449,100,0
450,102,0
451,103,0
452,105,0
453,107,0
454,109,0
454,110,0
455,113,0
456,117,0
457,120,0
458,121,0
459,119,0
460,117,0
461,114,0
462,113,0
463,111,0
464,110,0
464,110,0
465,106,0
466,102,0
467,100,0
468,99,0
469,100,0
470,102,0
471,104,0
472,107,0
473,109,0
474,110,0
474,111,0
476,114,0
477,118,0
478,120,0
479,119,0
480,118,0
481,116,0
482,114,0
483,112,0
484,111,0
485,109,0
485,107,0
486,104,0
487,101,0
488,100,0
489,100,0
490,102,0
491,106,0
492,106,0
493,108,0
494,109,0
495,110,0
496,114,0
496,117,0
497,119,0
498,120,0
499,119,0
500,116,0
501,114,0
502,113,0
503,110,0
504,110,0
505,109,0
506,105,0
506,100,0
507,98,0
508,98,0
509,100,0
510,102,0
511,104,0
512,106,0
513,107,0
514,107,0
515,111,0
515,114,0
516,118,0
517,120,0
519,120,0
520,117,0
521,114,0
522,112,0
523,111,0
524,110,0
525,109,0
526,106,0
526,103,0
527,99,0
528,98,0
529,99,0
530,101,0
531,102,0
532,105,0
533,106,0
534,108,0
534,109,0
535,113,0
536,116,0
537,112,0
538,103,0
539,137,0
540,145,0
541,133,0
542,128,0
543,124,0
544,121,0
545,120,0
545,114,0
546,109,0
547,106,0
548,105,0
549,104,0
550,106,0
551,107,0
552,109,0
553,110,0
554,106,0
555,99,0
555,93,0
556,133,0
557,139,0
558,133,0
559,130,0
561,126,0
562,123,0
563,121,0
564,118,0
565,117,0
565,113,0
566,109,0
567,105,0
568,104,0
569,103,0
570,104,0
571,101,0
572,94,0
573,88,0
573,81,0
574,134,0
575,125,0
576,126,0
577,128,0
578,130,0
579,127,0
580,124,0
581,121,0
582,119,0
583,116,0
583,115,0
584,114,0
585,111,0
586,106,0
587,100,0
588,93,0
589,85,0
590,78,0
590,120,0
591,122,0
592,119,0
593,119,0
594,118,0
595,120,0
596,124,0
597,126,0
598,126,0
599,123,0
600,122,0
601,118,0
601,116,0
602,114,0
604,111,0
605,107,0
606,96,0
607,84,0
608,76,0
609,116,0
610,114,0
610,111,0
611,113,0
612,114,0
613,115,0
614,116,0
615,115,0
616,119,0
617,121,0
618,123,0
619,123,0
620,121,0
620,118,0
621,116,0
622,109,0
623,102,0
624,92,0
625,85,0
626,76,0
627,116,0
628,105,0
628,104,0
629,106,0
630,107,0
631,110,0
632,111,0
633,112,0
634,112,0
635,113,0
636,117,0
637,121,0
638,122,0
638,121,0
639,116,0
640,110,0
641,102,0
642,94,0
643,88,0
644,83,0
645,79,0
645,75,0
647,72,0
648,72,0
649,72,0
650,75,0
651,77,0
651,82,0
652,86,0
653,89,0
654,93,0
655,94,0
656,99,0
656,103,0
657,108,0
658,111,0
659,110,0
660,108,0
661,107,0
662,105,0
663,103,0
664,102,0
665,102,0
666,98,0
666,94,0
667,93,0
668,90,0
669,91,0
670,93,0
671,93,0
671,97,0
672,98,0
673,99,0
674,100,0
675,102,0
676,106,0
677,110,0
677,112,0
678,112,0
679,111,0
680,108,0
681,106,0
682,105,0
683,103,0
684,102,0
685,101,0
686,96,0
687,93,0
687,92,0
689,91,0
690,93,0
691,93,0
692,96,0
693,97,0
693,99,0
694,100,0
695,100,0
696,105,0
697,109,0
698,111,0
699,112,0
700,110,0
701,109,0
701,107,0
702,105,0
703,104,0
704,102,0
705,100,0
706,97,0
707,94,0
708,92,0
709,93,0
709,93,0
710,94,0
711,97,0
712,98,0
713,99,0
714,102,0
714,100,0
715,104,0
716,109,0
717,111,0
718,112,0
719,110,0
720,109,0
721,107,0
722,106,0
723,104,0
724,102,0
724,101,0
725,99,0
726,95,0
727,92,0
728,92,0
729,93,0
730,94,0
730,96,0
732,98,0
733,99,0
734,100,0
735,101,0
736,104,0
737,108,0
738,111,0
738,112,0
739,111,0
740,109,0
741,107,0
742,106,0
743,104,0
744,103,0
745,102,0
746,99,0
747,95,0
747,93,0
748,92,0
749,93,0
750,93,0
751,95,0
752,98,0
752,99,0
753,101,0
754,100,0
755,103,0
756,106,0
757,111,0
758,112,0
759,111,0
760,110,0
761,108,0
761,106,0
762,105,0
763,103,0
764,102,0
765,100,0
766,96,0
767,93,0
768,92,0
768,92,0
769,93,0
770,96,0
771,98,0
772,100,0
773,101,0
775,103,0
776,103,0
776,107,0
777,110,0
778,112,0
779,111,0
780,111,0
781,108,0
782,106,0
783,105,0
784,102,0
785,102,0
786,101,0
787,96,0
787,92,0
788,93,0
789,92,0
790,94,0
791,97,0
791,99,0
792,102,0
793,104,0
794,106,0
795,108,0
796,112,0
797,115,0
798,118,0
799,117,0
800,114,0
801,112,0
801,110,0
802,109,0
803,107,0
804,107,0
805,105,0
806,102,0
807,98,0
808,97,0
809,98,0
809,99,0
810,101,0
811,104,0
812,106,0
813,108,0
814,107,0
815,110,0
817,114,0
818,117,0
819,119,0
819,118,0
820,116,0
821,113,0
822,111,0
823,110,0
824,109,0
825,108,0
826,106,0
827,102,0
828,100,0
829,98,0
829,99,0
830,100,0
831,102,0
832,104,0
833,106,0
834,108,0
835,108,0
836,111,0
837,116,0
838,119,0
838,119,0
839,118,0
840,115,0
841,112,0
842,110,0
843,109,0
844,108,0
845,109,0
846,104,0
847,102,0
848,100,0
849,99,0
849,100,0
850,102,0
851,104,0
852,106,0
853,107,0
854,108,0
855,111,0
856,114,0
857,118,0
858,119,0
858,118,0
860,116,0
861,114,0
862,112,0
863,110,0
864,109,0
865,109,0
866,107,0
867,102,0
868,100,0
869,99,0
869,100,0
870,102,0
871,103,0
872,105,0
873,107,0
874,108,0
875,109,0
876,112,0
877,116,0
878,119,0
879,120,0
879,118,0
880,116,0
881,114,0
882,112,0
883,111,0
884,109,0
885,108,0
886,106,0
887,101,0
888,101,0
889,101,0
890,101,0
890,103,0
891,105,0
892,108,0
893,109,0
894,108,0
895,111,0
896,116,0
897,119,0
898,119,0
899,119,0
900,117,0
900,115,0
901,113,0
903,111,0
904,110,0
905,109,0
906,107,0
907,102,0
908,99,0
909,101,0
910,100,0
911,102,0
911,104,0
912,106,0
913,107,0
914,109,0
915,109,0
916,114,0
917,116,0
918,119,0
919,119,0
920,118,0
921,116,0
921,113,0
922,112,0
923,111,0
924,109,0
925,108,0
926,104,0
927,102,0
928,100,0
929,101,0
930,102,0
931,103,0
932,105,0
932,107,0
933,107,0
934,109,0
935,112,0
936,115,0
937,119,0
938,120,0
939,118,0
940,116,0
941,114,0
942,113,0
942,111,0
943,110,0
945,110,0
946,106,0
947,102,0
948,100,0
949,99,0
950,101,0
951,102,0
952,105,0
953,106,0
953,108,0
954,109,0
955,110,0
956,114,0
957,117,0
958,119,0
959,120,0
960,118,0
961,115,0
962,114,0
963,111,0
963,110,0
964,109,0
965,108,0
966,104,0
967,101,0
968,100,0
969,101,0
970,102,0
971,104,0
972,105,0
973,107,0
974,107,0
974,109,0
975,113,0
976,116,0
977,119,0
978,120,0
979,118,0
980,116,0
981,114,0
982,112,0
983,111,0
984,110,0
984,110,0
985,106,0
986,103,0
988,101,0
989,100,0
990,101,0
991,104,0
992,105,0
993,108,0
994,109,0
995,110,0
996,111,0
996,116,0
997,118,0
998,121,0
999,120,0
1000,119,0
1001,114,0
1002,112,0
1003,111,0
1004,111,0
1005,110,0
1006,107,0
1007,102,0
1008,101,0
1009,100,0
1010,102,0
1011,105,0
1012,108,0
1013,108,0
1014,110,0
1015,111,0
1016,116,0
1017,118,0
1018,120,0
1019,119,0
1020,117,0
1021,114,0
1022,113,0
1023,112,0
1024,111,0
1025,109,0
1026,106,0
1027,102,0
1028,101,0
1029,101,0
1031,105,0
1032,106,0
1033,108,0
1034,109,0
1035,110,0
1036,113,0
1037,118,0
1038,119,0
1039,120,0
1040,119,0
1041,117,0
1042,114,0
1043,113,0
1044,112,0
1045,111,0
1046,109,0
1047,104,0
1048,101,0
1049,102,0
1050,101,0
1051,106,0
1052,108,0
1053,109,0
1054,110,0
1055,111,0
1056,114,0
1057,119,0
1058,121,0
1059,120,0
1060,117,0
1061,116,0
1062,114,0
1063,113,0
1064,111,0
1065,111,0
1066,106,0
1067,103,0
1068,100,0
1069,101,0
1070,102,0
1071,106,0
1073,107,0
1074,110,0
1075,109,0
1076,112,0
1077,116,0
1078,120,0
1079,120,0
1080,119,0
1081,118,0
1082,116,0
1083,113,0
1084,112,0
1085,111,0
1086,110,0
1087,106,0
1088,102,0
1089,101,0
1090,103,0
1091,104,0
1092,107,0
1093,108,0
1094,110,0
1095,110,0
1096,114,0
1097,117,0
1098,120,0
1099,119,0
1100,118,0
1101,116,0
1102,115,0
1103,112,0
1104,111,0
1105,111,0
1106,108,0
1107,103,0
1108,102,0
1109,102,0
1110,87,0
1111,155,0
1112,208,0
1113,241,0
1114,256,0
1116,213,0
1117,194,0
1118,183,0
1119,173,0
1120,162,0
1121,152,0
1122,142,0
1123,136,0
1124,129,0
1125,126,0
1126,123,0
1127,116,0
1128,111,0
1129,108,0
1130,107,0
1131,102,0
1132,94,0
1132,85,0
1133,145,0
1134,126,0
1135,124,0
1136,127,0
1137,129,0
1138,130,0
1139,126,0
1140,123,0
1141,119,0
1142,117,0
1143,115,0
1144,114,0
1145,112,0
1146,106,0
1147,96,0
1148,85,0
1149,78,0
1150,112,0
1151,119,0
1152,116,0
1153,117,0
1154,118,0
1155,119,0
1156,123,0
1157,125,0
1159,125,0
1160,122,0
1161,121,0
1162,118,0
1163,116,0
1164,112,0
1165,107,0
1166,96,0
1167,83,0
1168,73,0
1169,117,0
1170,106,0
1171,107,0
1172,110,0
1173,111,0
1174,114,0
1175,113,0
1176,116,0
1177,119,0
1178,122,0
1179,123,0
1180,120,0
1181,118,0
1182,114,0
1183,106,0
1184,97,0
1185,90,0
1185,83,0
1186,77,0
1187,72,0
1188,70,0
1189,72,0
1190,75,0
1191,79,0
1192,83,0
1193,87,0
1194,91,0
1195,93,0
1196,100,0
1197,105,0
1198,109,0
1199,108,0
1201,109,0
1201,107,0
1202,106,0
1203,103,0
1204,103,0
1205,102,0
1206,99,0
1207,95,0
1208,93,0
1209,92,0
1210,93,0
1211,95,0
1212,96,0
1213,99,0
1214,100,0
1215,100,0
1216,105,0
1217,109,0
1218,112,0
1219,112,0
1220,111,0
1221,108,0
1222,106,0
1223,105,0
1224,103,0
1225,102,0
1226,101,0
1227,96,0
1228,94,0
1229,93,0
1229,94,0
1230,96,0
1231,97,0
1232,99,0
1233,101,0
1234,101,0
1235,103,0
1236,107,0
1237,111,0
1238,112,0
1239,110,0
1240,109,0
1241,107,0
1242,105,0
1244,103,0
1245,101,0
1246,100,0
1247,96,0
1248,93,0
1249,92,0
1250,91,0
1251,94,0
1252,95,0
1253,96,0
1253,98,0
1254,101,0
1255,100,0
1256,107,0
1257,110,0
1258,114,0
1259,113,0
1260,111,0
1261,109,0
1262,105,0
1263,104,0
1264,103,0
1265,102,0
1266,98,0
1267,95,0
1268,93,0
1269,92,0
1270,93,0
1271,94,0
1272,96,0
1273,96,0
1274,98,0
1275,99,0
1275,102,0
1276,106,0
1277,111,0
1278,111,0
1279,112,0
1280,110,0
1281,109,0
1282,106,0
1283,106,0
1284,105,0
1285,103,0
1287,98,0
1288,96,0
1289,95,0
1290,95,0
1291,96,0
1292,98,0
1293,98,0
1294,99,0
1295,100,0
1296,102,0
1297,106,0
1298,110,0
1299,113,0
1300,111,0
1301,108,0
1302,108,0
1303,105,0
1304,104,0
1305,103,0
1306,102,0
1307,98,0
1308,95,0
1309,94,0
1309,95,0
1310,97,0
1311,99,0
1312,100,0
1313,102,0
1314,103,0
1315,104,0
1316,108,0
1317,112,0
1318,112,0
1319,113,0
1320,110,0
1321,108,0
1322,107,0
1323,104,0
1324,103,0
1325,103,0
1326,98,0
1327,94,0
1329,92,0
1330,93,0
1331,95,0
1332,98,0
1333,97,0
1333,97,0
1334,94,0
1335,92,0
1336,97,0
1337,105,0
1338,113,0
1339,114,0
1340,114,0
1341,113,0
1342,110,0
1343,108,0
1344,108,0
1345,107,0
1346,105,0
1347,100,0
1348,98,0
1349,97,0
1350,98,0
1351,101,0
1352,103,0
1353,107,0
1354,108,0
1355,108,0
1356,112,0
1357,115,0
1358,118,0
1359,117,0
1360,117,0
1361,116,0
1362,114,0
1363,111,0
1364,110,0
1365,109,0
1366,105,0
1367,101,0
1368,99,0
1369,99,0
1370,100,0
1372,102,0
1373,106,0
1374,107,0
1375,109,0
1376,109,0
1377,114,0
1378,117,0
1379,119,0
1380,119,0
1381,118,0
1382,115,0
1383,112,0
1384,111,0
1385,110,0
1386,110,0
1387,105,0
1388,100,0
1389,100,0
1390,100,0
1391,101,0
1392,104,0
1393,107,0
1394,108,0
1395,110,0
1396,111,0
1396,115,0
1397,119,0
1398,120,0
1399,119,0
1400,116,0
1401,115,0
1402,113,0
1403,111,0
1404,110,0
1405,108,0
1406,103,0
1407,100,0
1408,100,0
1409,100,0
1410,103,0
1411,105,0
1412,106,0
1413,109,0
1415,108,0
1416,112,0
1417,118,0
1418,119,0
1419,119,0
1420,119,0
1421,117,0
1422,115,0
1423,113,0
1424,111,0
1425,111,0
1426,107,0
1427,102,0
1428,99,0
1429,100,0
1430,101,0
1431,103,0
1432,105,0
1433,107,0
1434,109,0
1435,110,0
1436,113,0
1437,118,0
1438,119,0
1439,119,0
1440,118,0
1441,116,0
1442,113,0
1443,112,0
1444,110,0
1445,110,0
1446,105,0
1447,102,0
1448,99,0
1449,99,0
1450,101,0
1451,104,0
1452,106,0
1453,109,0
1454,110,0
1455,111,0
1457,115,0
1458,119,0
1459,120,0
1460,120,0
1461,117,0
1462,116,0
1463,113,0
1464,112,0
1465,110,0
1466,110,0
1467,104,0
1468,101,0
1469,99,0
1470,100,0
1471,102,0
1472,105,0
1473,107,0
1474,108,0
1475,110,0
1476,113,0
1477,117,0
1478,120,0
1479,119,0
1480,119,0
1481,117,0
1482,115,0
1483,112,0
1484,111,0
1485,111,0
1486,108,0
1487,103,0
1488,100,0
1489,99,0
1490,101,0
1491,104,0
1492,105,0
1493,108,0
1494,109,0
1495,110,0
1496,112,0
1497,118,0
1498,119,0
1500,121,0
1501,119,0
1502,117,0
1503,114,0
1504,113,0
1505,111,0
1506,111,0
1507,107,0
1508,102,0
1509,100,0
1510,101,0
1511,102,0
1512,105,0
1513,106,0
1514,109,0
1515,110,0
1516,111,0
1517,115,0
1518,119,0
1519,120,0
1520,119,0
1521,117,0
1522,116,0
1523,112,0
1524,112,0
1525,111,0
1526,110,0
1527,104,0
1528,101,0
1529,99,0
1529,101,0
1530,103,0
1531,104,0
1532,108,0
1533,109,0
1534,110,0
1535,112,0
1536,117,0
1537,119,0
1538,121,0
1539,120,0
1540,118,0
1541,115,0
1543,113,0
1544,112,0
1545,112,0
1546,108,0
1547,104,0
1548,100,0
1549,100,0
1550,101,0
1551,104,0
1552,107,0
1553,109,0
1554,109,0
1555,110,0
1556,114,0
1557,119,0
1558,120,0
1559,120,0
1560,119,0
1561,117,0
1562,114,0
1563,112,0
1564,111,0
1565,112,0
1566,107,0
1567,103,0
1568,99,0
1569,100,0
1570,104,0
1571,105,0
1572,107,0
1573,109,0
1574,110,0
1575,111,0
1576,116,0
1577,118,0
1578,121,0
1579,121,0
1580,119,0
1581,116,0
1582,114,0
1583,113,0
1585,112,0
1586,110,0
1587,105,0
1588,101,0
1589,100,0
1590,101,0
1591,103,0
1592,105,0
1593,108,0
1594,110,0
1595,110,0
1596,112,0
1597,117,0
1598,120,0
1599,121,0
1600,119,0
1601,118,0
1602,115,0
1603,114,0
1604,112,0
1605,112,0
1606,109,0
1607,104,0
1608,101,0
1609,101,0
1610,102,0
1611,105,0
1612,107,0
1613,109,0
1614,110,0
1615,111,0
1616,114,0
1617,119,0
1618,121,0
1619,121,0
1620,119,0
1621,118,0
1622,115,0
1623,114,0
1624,111,0
1625,111,0
1626,107,0
1628,102,0
1629,100,0
1630,102,0
1631,102,0
1632,105,0
1633,107,0
1634,110,0
1635,109,0
1636,112,0
1637,116,0
1638,119,0
1639,120,0
1640,119,0
1641,117,0
1642,114,0
1643,113,0
1644,112,0
1645,111,0
1646,109,0
1647,104,0
1648,102,0
1649,101,0
1650,145,0
1651,196,0
1652,238,0
1653,270,0
1654,296,0
1655,257,0
1656,272,0
1657,306,0
1658,273,0
1659,237,0
1660,212,0
1661,192,0
1662,177,0
1663,163,0
1664,153,0
1665,145,0
1666,136,0
1667,127,0
1668,122,0
1669,118,0
1671,118,0
1672,118,0
1673,118,0
1674,113,0
1675,104,0
1676,94,0
1677,137,0
1678,142,0
1679,139,0
1680,134,0
1681,131,0
1682,127,0
1683,124,0
1684,121,0
1685,119,0
1686,117,0
1687,112,0
1688,107,0
1689,106,0
1690,106,0
1691,104,0
1692,97,0
1693,90,0
1694,83,0
1694,135,0
1695,123,0
1696,126,0
1697,128,0
1698,130,0
1699,128,0
1700,123,0
1701,122,0
1702,118,0
1703,117,0
1704,115,0
1705,114,0
1706,109,0
1707,100,0
1708,92,0
1709,84,0
1710,79,0
1711,75,0
1713,114,0
1714,110,0
1715,112,0
1716,115,0
1717,120,0
1718,124,0
1719,125,0
1720,122,0
1721,121,0
1722,118,0
1723,117,0
1724,114,0
1725,113,0
1726,110,0
1727,101,0
1728,91,0
1729,84,0
1730,80,0
1731,77,0
1732,78,0
1733,78,0
1733,80,0
1734,82,0
1735,84,0
1736,89,0
1737,97,0
1738,102,0
1739,104,0
1740,107,0
1741,107,0
1742,106,0
1743,106,0
1744,105,0
1745,104,0
1746,102,0
1747,97,0
1748,94,0
1749,93,0
1750,94,0
1751,96,0
1752,98,0
1752,99,0
1753,100,0
1754,100,0
1756,102,0
1757,106,0
1758,109,0
1759,111,0
1760,109,0
1761,107,0
1762,105,0
1763,104,0
1764,103,0
1765,103,0
1766,101,0
1767,97,0
1768,94,0
1769,93,0
1770,93,0
1771,95,0
1772,97,0
1773,100,0
1774,102,0
1775,103,0
1776,105,0
1777,109,0
1778,112,0
1779,112,0
1780,110,0
1781,107,0
1782,106,0
1783,103,0
1784,102,0
1785,101,0
1786,100,0
1787,95,0
1788,92,0
1789,93,0
1789,92,0
1790,95,0
1791,97,0
1792,99,0
1793,101,0
1794,104,0
1795,104,0
1796,109,0
1797,113,0
1799,115,0
1800,113,0
1801,111,0
1802,109,0
1803,107,0
1804,104,0
1805,103,0
1806,101,0
1807,97,0
1808,93,0
1809,92,0
1810,93,0
1811,95,0
1812,96,0
1813,99,0
1813,101,0
1814,101,0
1815,103,0
1816,107,0
1817,111,0
1818,113,0
1819,112,0
1820,110,0
1821,108,0
1822,106,0
1823,106,0
1824,104,0
1825,105,0
1826,100,0
1827,96,0
1828,94,0
1829,94,0
1830,94,0
1831,96,0
1832,98,0
1833,100,0
1834,102,0
1835,101,0
1836,103,0
1837,109,0
1838,112,0
1839,111,0
1841,110,0
1842,108,0
1843,106,0
1844,106,0
1845,104,0
1846,103,0
1847,100,0
1848,96,0
1849,92,0
1850,92,0
1851,92,0
1852,96,0
1852,97,0
1853,99,0
1854,102,0
1855,102,0
1856,105,0
1857,110,0
1858,113,0
1859,114,0
1860,111,0
1861,110,0
1862,108,0
1863,107,0
1864,106,0
1865,106,0
1866,102,0
1867,98,0
1868,95,0
1869,93,0
1870,94,0
1871,94,0
1872,96,0
1873,99,0
1874,100,0
1875,100,0
1876,104,0
1877,109,0
1878,113,0
1879,115,0
1880,115,0
1881,114,0
1882,114,0
1884,112,0
1885,110,0
1886,102,0
1887,154,0
1888,197,0
1889,233,0
1890,261,0
1891,287,0
1892,301,0
1893,314,0
1894,271,0
1895,234,0
1896,210,0
1897,195,0
1897,184,0
1898,173,0
1899,163,0
1900,154,0
1901,145,0
1902,138,0
1903,132,0
1904,128,0
1905,126,0
1906,120,0
1907,113,0
1908,109,0
1909,103,0
1910,96,0
1911,89,0
1912,84,0
1913,80,0
1914,80,0
1915,79,0
1916,84,0
1917,91,0
1918,96,0
1919,100,0
1920,101,0
1921,103,0
1922,103,0
1923,103,0
1924,103,0
1925,105,0
1927,102,0
1928,99,0
1929,97,0
1929,96,0
1930,97,0
1931,99,0
1932,101,0
1933,103,0
1934,105,0
1935,105,0
1936,110,0
1937,112,0
1938,115,0
1939,116,0
1940,113,0
1941,111,0
1942,109,0
1943,107,0
1944,107,0
1945,107,0
1946,104,0
1947,100,0
1948,97,0
1949,96,0
1950,97,0
1951,97,0
1952,99,0
1953,101,0
1954,102,0
1955,103,0
1956,104,0
1957,111,0
1958,114,0
1959,115,0
1960,114,0
1961,112,0
1962,111,0
1963,108,0
1964,107,0
1965,105,0
1966,103,0
1967,98,0
1969,94,0
1969,92,0
1970,93,0
1971,96,0
1972,98,0
1973,100,0
1974,102,0
1975,104,0
1976,105,0
1977,111,0
1978,114,0
1979,115,0
1980,112,0
1981,112,0
1982,108,0
1983,107,0
1984,105,0
1985,105,0
1986,102,0
1987,98,0
1988,95,0
1989,93,0
1990,94,0
1991,95,0
1992,98,0
1993,100,0
1994,101,0
1995,103,0
1996,102,0
1997,107,0
1998,111,0
1999,112,0
2000,111,0
2001,110,0
2002,109,0
2003,107,0
2004,106,0
2005,105,0
2005,104,0
2006,99,0
2007,96,0
2008,93,0
2009,93,0
2010,94,0
2012,95,0
2013,97,0
2014,99,0
2015,101,0
2016,101,0
2017,107,0
2018,112,0
2019,116,0
2020,115,0
2021,113,0
2022,111,0
2023,109,0
2024,106,0
2025,105,0
2026,105,0
2027,99,0
2028,96,0
2029,93,0
2029,92,0
2030,94,0
2031,96,0
2032,99,0
2033,101,0
2034,104,0
2035,104,0
2036,107,0
2037,112,0
2038,114,0
2039,114,0
2040,113,0
2041,110,0
2042,108,0
2043,105,0
2044,104,0
2045,103,0
2046,100,0
2047,95,0
2048,93,0
2049,94,0
2050,94,0
2051,96,0
2052,98,0
2053,100,0
2055,102,0
2056,102,0
2057,105,0
2058,110,0
2059,112,0
2060,112,0
2061,112,0
2062,109,0
2063,108,0
2064,106,0
2065,102,0
2066,100,0
2067,92,0
2067,86,0
2068,86,0
2069,87,0
2070,89,0
2071,78,0
2072,156,0
2073,209,0
2074,247,0
2075,240,0
2076,196,0
2077,203,0
2078,185,0
2079,175,0
2080,163,0
2081,153,0
2082,145,0
2083,138,0
2084,132,0
2085,128,0
2086,122,0
2087,116,0
2088,110,0
2089,108,0
2090,105,0
2091,101,0
2092,97,0
2093,95,0
2094,94,0
2095,91,0
2097,95,0
2097,99,0
2098,103,0
2099,106,0
2100,105,0
2101,106,0
2102,105,0
2103,104,0
2104,103,0
2105,105,0
2106,103,0
2107,100,0
2108,96,0
2109,96,0
2110,96,0
2111,99,0
2112,102,0
2113,104,0
2114,106,0
2115,107,0
2116,108,0
2117,112,0
2118,114,0
2119,114,0
2120,113,0
2121,110,0
2122,110,0
2123,107,0
2124,107,0
2125,106,0
2126,105,0
2127,99,0
2128,96,0
2129,94,0
2130,95,0
2131,97,0
2132,99,0
2132,101,0
2133,102,0
2134,104,0
2135,104,0
2136,109,0
2137,112,0
2138,114,0
2140,113,0
2141,111,0
2142,109,0
2143,107,0
2144,105,0
2145,106,0
2146,103,0
2147,99,0
2148,95,0
2149,94,0
2150,95,0
2151,96,0
2152,98,0
2153,100,0
2154,100,0
2155,104,0
2156,104,0
2157,108,0
2158,112,0
2159,113,0
2160,113,0
2161,112,0
2162,109,0
2163,109,0
2164,105,0
2165,104,0
2166,103,0
2167,98,0
2168,94,0
2169,92,0
2170,92,0
2170,94,0
2171,97,0
2172,100,0
2173,103,0
2174,105,0
2175,104,0
2176,110,0
2177,113,0
2178,115,0
2179,115,0
2180,112,0
2181,111,0
2183,108,0
2184,107,0
2185,106,0
2186,105,0
2187,100,0
2188,96,0
2189,94,0
2190,94,0
2191,96,0
2192,97,0
2193,99,0
2194,100,0
2195,102,0
2196,102,0
2197,106,0
2198,111,0
2199,113,0
2200,114,0
2201,112,0
2202,111,0
2203,109,0
2204,107,0
2205,106,0
2206,106,0
2207,101,0
2208,97,0
2209,96,0
2209,96,0
2210,96,0
2211,98,0
2212,99,0
2213,101,0
2214,103,0
2215,103,0
2216,104,0
2217,109,0
2218,112,0
2219,111,0
2220,111,0
2221,109,0
2222,107,0
2223,106,0
2225,105,0
2226,104,0
2227,101,0
2228,97,0
2229,95,0
2230,94,0
2231,95,0
2232,97,0
2233,98,0
2234,100,0
2235,102,0
2236,101,0
2237,105,0
2238,110,0
2239,113,0
2240,113,0
2241,112,0
2242,109,0
2243,106,0
2244,104,0
2245,103,0
2245,103,0
2246,100,0
2247,97,0
2248,94,0
2249,94,0
2250,96,0
2251,98,0
2252,100,0
2253,99,0
2254,93,0
2255,79,0
2256,73,0
2257,133,0
2258,151,0
2259,143,0
2260,138,0
2261,134,0
2262,128,0
2263,124,0
2264,120,0
2265,119,0
2266,115,0
2268,109,0
2269,104,0
2270,103,0
2271,103,0
2272,106,0
2273,106,0
2274,104,0
2275,96,0
2276,89,0
2276,86,0
2277,86,0
2278,90,0
2279,91,0
2280,93,0
2281,94,0
2282,95,0
2283,97,0
2284,98,0
2285,100,0
2286,102,0
2287,100,0
2288,97,0
2289,95,0
2289,95,0
2290,96,0
2291,98,0
2292,100,0
2293,102,0
2294,104,0
2295,104,0
2296,107,0
2297,111,0
2298,113,0
2299,113,0
2300,112,0
2301,110,0
2302,109,0
2303,107,0
2304,105,0
2305,105,0
2306,102,0
2307,96,0
2308,95,0
2309,94,0
2311,95,0
2312,98,0
2313,100,0
2314,101,0
2315,103,0
2316,103,0
2317,106,0
2318,111,0
2319,114,0
2320,113,0
2321,113,0
2322,111,0
2323,110,0
2324,108,0
2325,108,0
2326,107,0
2327,104,0
2328,98,0
2329,96,0
2330,95,0
2330,95,0
2331,97,0
2332,99,0
2333,100,0
2334,103,0
2335,102,0
2336,105,0
2337,110,0
2338,114,0
2339,114,0
2340,113,0
2341,111,0
2342,110,0
2343,107,0
2344,107,0
2345,105,0
2346,103,0
2347,98,0
2348,95,0
2349,94,0
2350,95,0
2351,98,0
2353,99,0
2354,101,0
2355,102,0
2356,103,0
2357,105,0
2358,110,0
2359,112,0
2360,112,0
2361,111,0
2362,110,0
2363,107,0
2364,107,0
2365,105,0
2366,106,0
2367,103,0
2368,99,0
2368,96,0
2369,94,0
2370,96,0
2371,96,0
2372,100,0
2373,101,0
2374,102,0
2375,103,0
2376,105,0
2377,109,0
2378,111,0
2379,113,0
2380,111,0
2381,109,0
2382,107,0
2383,105,0
2384,104,0
2385,103,0
2386,103,0
2387,98,0
2388,95,0
2389,94,0
2390,95,0
2391,97,0
2392,100,0
2393,102,0
2394,104,0
2396,105,0
2397,107,0
2398,110,0
2399,114,0
2400,114,0
2401,113,0
2402,111,0
2403,108,0
2404,106,0
2405,105,0
2406,104,0
2407,103,0
2408,97,0
2408,94,0
2409,93,0
2410,93,0
2411,95,0
2412,97,0
2413,98,0
2414,100,0
2415,102,0
2416,103,0
2417,107,0
2418,113,0
2419,115,0
2420,115,0
2421,114,0
2422,112,0
2423,109,0
2424,108,0
2425,106,0
2426,105,0
2427,100,0
2428,96,0
2429,93,0
2430,93,0
2431,92,0
2432,84,0
2432,144,0
2433,198,0
2434,241,0
2435,188,0
2436,212,0
2437,215,0
2439,192,0
2440,177,0
2441,165,0
2442,155,0
2443,146,0
2444,137,0
2445,132,0
2446,126,0
2447,120,0
2448,113,0
2449,110,0
2450,108,0
2451,109,0
2452,110,0
2453,109,0
2454,103,0
2455,95,0
2456,91,0
2457,89,0
2458,90,0
2459,91,0
2460,92,0
2461,93,0
2462,94,0
2463,96,0
2464,97,0
2464,99,0
2465,101,0
2466,101,0
2467,98,0
2468,95,0
2469,96,0
2470,97,0
2471,99,0
2472,101,0
2473,102,0
2474,104,0
2475,105,0
2476,108,0
2477,113,0
2478,116,0
2479,117,0
2481,117,0
2482,114,0
2483,112,0
2484,109,0
2485,108,0
2486,107,0
2487,104,0
2488,98,0
2489,96,0
2490,94,0
2491,96,0
2492,98,0
2492,101,0
2493,103,0
2494,106,0
2495,105,0
2496,107,0
2497,111,0
2498,113,0
2499,114,0
2500,114,0
2501,111,0
2502,110,0
2503,107,0
2504,107,0
2505,107,0
2506,105,0
2507,100,0
2508,97,0
2509,96,0
2510,97,0
2511,99,0
2512,100,0
2513,103,0
2514,104,0
2515,104,0
2516,107,0
2517,111,0
2518,114,0
2519,115,0
2520,113,0
2521,112,0
2522,109,0
2524,108,0
2525,106,0
2526,106,0
2527,103,0
2528,99,0
2529,96,0
2530,95,0
2531,96,0
2532,98,0
2533,99,0
2533,102,0
2534,103,0
2535,104,0
2536,106,0
2537,111,0
2538,113,0
2539,115,0
2540,113,0
2541,112,0
2542,110,0
2543,108,0
2544,106,0
2545,107,0
2546,103,0
2547,99,0
2548,96,0
2549,94,0
2550,94,0
2551,95,0
2552,97,0
2553,99,0
2554,100,0
2555,104,0
2556,104,0
2557,108,0
2558,113,0
2559,115,0
2560,114,0
2561,113,0
2562,110,0
2563,109,0
2564,107,0
2565,107,0
2567,105,0
2568,101,0
2569,97,0
2570,96,0
2571,97,0
2571,97,0
2572,100,0
2573,102,0
2574,104,0
2575,105,0
2576,105,0
2577,109,0
2578,113,0
2579,114,0
2580,113,0
2581,111,0
2582,110,0
2583,107,0
2584,107,0
2585,106,0
2586,105,0
2587,99,0
2588,96,0
2589,95,0
2590,95,0
2591,98,0
2592,100,0
2593,102,0
2594,104,0
2595,105,0
2596,106,0
2597,110,0
2598,113,0
2599,115,0
2600,113,0
2601,113,0
2602,111,0
2603,109,0
2604,107,0
2605,106,0
2606,105,0
2607,100,0
2609,96,0
2610,95,0
2611,93,0
2612,91,0
2613,83,0
2613,142,0
2614,197,0
2615,240,0
2616,188,0
2617,175,0
2618,167,0
2619,159,0
2620,151,0
2621,144,0
2622,137,0
2623,131,0
2624,126,0
2625,123,0
2626,119,0
2627,113,0
2628,105,0
2629,100,0
2630,96,0
2631,93,0
2632,92,0
2633,93,0
2634,95,0
2635,97,0
2636,99,0
2637,105,0
2638,110,0
2639,114,0
2640,113,0
2641,114,0
2642,112,0
2643,110,0
2644,109,0
2645,108,0
2646,108,0
2647,104,0
2648,99,0
2649,98,0
2650,98,0
2650,98,0
2652,100,0
2653,103,0
2654,104,0
2655,104,0
2656,106,0
2657,110,0
2658,114,0
2659,115,0
2660,115,0
2661,113,0
2662,111,0
2663,109,0
2664,107,0
2665,106,0
2666,105,0
2667,101,0
2668,98,0
2669,95,0
2670,96,0
2671,99,0
2672,101,0
2673,102,0
2674,104,0
2675,105,0
2676,105,0
2677,109,0
2678,113,0
2679,115,0
2680,114,0
2681,113,0
2682,111,0
2683,108,0
2684,108,0
2685,107,0
2686,107,0
2687,101,0
2688,97,0
2689,95,0
2690,96,0
2691,96,0
2692,99,0
2692,100,0
2693,103,0
2695,105,0
2696,104,0
2697,109,0
2698,112,0
2699,113,0
2700,113,0
2701,112,0
2702,110,0
2703,109,0
2704,107,0
2705,105,0
2706,106,0
2707,101,0
2708,98,0
2709,96,0
2710,97,0
2711,97,0
2712,99,0
2713,101,0
2714,104,0
2715,105,0
2716,104,0
2717,109,0
2718,113,0
2719,114,0
2720,115,0
2721,112,0
2722,111,0
2723,109,0
2724,107,0
2725,105,0
2726,106,0
2727,100,0
2728,98,0
2729,97,0
2730,96,0
2731,99,0
2732,100,0
2733,104,0
2734,105,0
2735,106,0
2737,106,0
2738,109,0
2739,112,0
2740,115,0
2741,114,0
2742,112,0
2743,109,0
2744,107,0
2745,106,0
2745,104,0
2746,104,0
2747,100,0
2748,96,0
2749,94,0
2750,96,0
2751,97,0
2752,100,0
2753,102,0
2754,104,0
2755,105,0
2756,105,0
2757,109,0
2758,112,0
2759,114,0
2760,113,0
2761,111,0
2762,110,0
2763,108,0
2764,106,0
2765,105,0
2766,105,0
2767,100,0
2768,96,0
2769,95,0
2770,95,0
2771,97,0
2772,98,0
2773,100,0
2774,101,0
2775,103,0
2776,103,0
2777,108,0
2778,111,0
2780,112,0
2781,113,0
2782,111,0
2783,109,0
2784,107,0
2785,105,0
2786,104,0
2787,104,0
2788,99,0
2789,97,0
2789,95,0
2790,94,0
2791,95,0
2792,92,0
2793,85,0
2794,105,0
2795,123,0
2796,119,0
2797,122,0
2798,127,0
2799,129,0
2800,127,0
2801,125,0
2802,122,0
2803,118,0
2804,115,0
2805,114,0
2806,112,0
2807,108,0
2808,100,0
2809,95,0
2810,91,0
2811,89,0
2812,90,0
2813,91,0
2813,93,0
2814,96,0
2815,97,0
2816,102,0
2817,107,0
2818,112,0
2819,112,0
2820,112,0
2821,112,0
2823,110,0
2824,108,0
2825,108,0
2826,108,0
2827,106,0
2828,99,0
2829,96,0
2830,97,0
2831,96,0
2832,99,0
2833,100,0
2834,101,0
2835,105,0
2836,104,0
2837,108,0
2838,113,0
2839,115,0
2840,115,0
2841,115,0
2842,112,0
2843,111,0
2844,108,0
2845,107,0
2846,107,0
2847,104,0
2848,99,0
2849,96,0
2850,95,0
2850,96,0
2851,98,0
2852,99,0
2853,102,0
2854,103,0
2855,103,0
2856,105,0
2857,109,0
2858,113,0
2859,113,0
2860,113,0
2861,111,0
2862,110,0
2863,108,0
2865,107,0
2866,105,0
2867,104,0
2868,98,0
2869,93,0
2870,92,0
2871,93,0
2872,95,0
2873,98,0
2874,100,0
2875,102,0
2876,105,0
2877,107,0
2878,113,0
2879,116,0
2880,117,0
2881,115,0
2882,113,0
2883,110,0
2884,109,0
2885,106,0
2886,106,0
2887,103,0
2888,98,0
2888,94,0
2889,92,0
2890,94,0
2891,95,0
2892,99,0
2893,101,0
2894,104,0
2895,106,0
2896,108,0
2897,112,0
2898,116,0
2899,117,0
2900,116,0
2901,114,0
2902,112,0
2903,110,0
2904,107,0
2905,106,0
2906,105,0
2908,100,0
2909,97,0
2910,94,0
2911,95,0
2912,97,0
2913,99,0
2914,101,0
2915,103,0
2916,104,0
2917,104,0
2918,110,0
2919,113,0
2919,115,0
2920,114,0
2921,112,0
2922,110,0
2923,108,0
2924,106,0
2925,106,0
2926,104,0
2927,101,0
2928,95,0
2929,94,0
2930,95,0
2931,96,0
2932,100,0
2933,100,0
2934,103,0
2935,104,0
2936,105,0
2937,108,0
2938,113,0
2939,114,0
2940,114,0
2941,112,0
2942,111,0
2943,108,0
2944,106,0
2945,104,0
2946,103,0
2947,98,0
2948,94,0
2949,93,0
2951,94,0
2952,97,0
2953,99,0
2954,102,0
2955,105,0
2956,105,0
2957,106,0
2958,111,0
2959,114,0
2960,115,0
2961,114,0
2962,113,0
2963,111,0
2963,109,0
2964,107,0
2965,106,0
2966,104,0
2967,100,0
2968,96,0
2969,94,0
2970,95,0
2971,96,0
2972,100,0
2973,104,0
2974,106,0
2975,107,0
2976,107,0
2977,112,0
2978,116,0
2979,118,0
2980,117,0
2981,116,0
2982,115,0
2983,113,0
2984,111,0
2985,109,0
2986,109,0
2987,105,0
2988,100,0
2989,99,0
2990,99,0
2991,100,0
2993,103,0
2994,106,0
2995,107,0
2996,109,0
2997,111,0
2998,116,0
2999,118,0
3000,121,0
3001,119,0
3002,118,0
3003,115,0
3004,113,0
3005,111,0
3006,111,0
3007,108,0
3008,103,0
3009,99,0
3010,98,0
3011,100,0
3012,101,0
3013,104,0
3014,105,0
3015,108,0
3016,109,0
3017,111,0
3018,116,0
3019,119,0
3020,121,0
3021,119,0
3022,117,0
3023,115,0
3024,113,0
3025,111,0
3026,111,0
3027,107,0
3028,102,0
3029,99,0
3029,99,0
3030,100,0
3031,102,0
3032,105,0
3033,106,0
3034,109,0
3036,109,0
3037,113,0
3038,117,0
3039,120,0
3040,121,0
3041,119,0
3042,117,0
3043,115,0
3044,112,0
3045,111,0
3046,111,0
3047,107,0
3048,101,0
3049,99,0
3050,100,0
3051,100,0
3052,103,0
3053,105,0
3054,108,0
3055,110,0
3056,110,0
3057,113,0
3058,119,0
3059,121,0
3060,120,0
3061,119,0
3062,116,0
3063,114,0
3064,112,0
3065,110,0
3066,110,0
3067,106,0
3068,101,0
3069,98,0
3070,100,0
3071,101,0
3072,104,0
3073,107,0
3074,108,0
3075,110,0
3076,111,0
3077,116,0
3079,120,0
3080,121,0
3081,120,0
3082,118,0
3083,116,0
3084,113,0
3085,112,0
3086,111,0
3087,109,0
3088,104,0
3089,101,0
3090,99,0
3091,100,0
3092,103,0
3093,105,0
3094,108,0
3095,109,0
3096,110,0
3097,113,0
3098,118,0
3099,121,0
3100,122,0
3101,120,0
3102,118,0
3103,115,0
3104,113,0
3105,111,0
3106,112,0
3107,108,0
3108,103,0
3109,100,0
3110,100,0
3111,101,0
3112,104,0
3113,107,0
3114,108,0
3115,109,0
3116,111,0
3117,115,0
3118,119,0
3119,122,0
3121,122,0
3122,120,0
3123,117,0
3124,115,0
3125,113,0
3126,111,0
3127,111,0
3128,105,0
3129,102,0
3130,100,0
3131,101,0
3132,102,0
3133,105,0
3134,106,0
3135,109,0
3136,109,0
3137,112,0
3138,116,0
3139,120,0
3140,122,0
3141,121,0
3142,119,0
3143,116,0
3144,114,0
3145,113,0
3146,111,0
3147,109,0
3148,104,0
3149,101,0
3150,99,0
3151,101,0
3152,103,0
3153,105,0
3154,108,0
3155,109,0
3156,109,0
3157,113,0
3158,118,0
3159,120,0
3160,122,0
3161,121,0
3162,118,0
3164,115,0
3165,114,0
3166,111,0
3167,112,0
3168,107,0
3169,103,0
3170,99,0
3170,99,0
3171,101,0
3172,104,0
3173,106,0
3174,109,0
3175,111,0
3176,111,0
3177,114,0
3178,119,0
3179,121,0
3180,122,0
3181,119,0
3182,117,0
3183,115,0
3184,114,0
3185,112,0
3186,110,0
3187,107,0
3188,101,0
3189,100,0
3190,100,0
3191,102,0
3192,105,0
3193,107,0
3194,108,0
3195,111,0
3196,111,0
3197,117,0
3198,120,0
3199,123,0
3200,121,0
3201,120,0
3202,117,0
3203,115,0
3204,113,0
3205,112,0
3207,110,0
3208,105,0
3209,101,0
3210,99,0
3211,101,0
3212,102,0
3213,105,0
3214,109,0
3215,111,0
3216,110,0
3217,113,0
3218,119,0
3219,121,0
3220,122,0
3221,120,0
3222,117,0
3223,115,0
3224,113,0
3225,111,0
3226,111,0
3227,109,0
3228,105,0
3229,91,0
3230,162,0
3231,208,0
3232,212,0
3233,185,0
3234,170,0
3235,160,0
3236,151,0
3237,148,0
3238,146,0
3239,143,0
3240,140,0
3241,134,0
3242,131,0
3243,126,0
3244,122,0
3245,114,0
3246,108,0
3247,97,0
3249,88,0
3250,83,0
3251,81,0
3252,82,0
3252,84,0
3253,88,0
3254,91,0
3255,93,0
3256,96,0
3257,100,0
3258,105,0
3259,109,0
3260,111,0
3261,109,0
3262,107,0
3263,105,0
3264,103,0
3265,103,0
3266,103,0
3267,101,0
3268,95,0
3269,93,0
3270,91,0
3271,93,0
3272,95,0
3273,98,0
3273,99,0
3274,100,0
3275,101,0
3276,103,0
3277,106,0
3278,111,0
3279,111,0
3280,111,0
3281,107,0
3282,107,0
3283,105,0
3284,105,0
3285,102,0
3286,102,0
3287,96,0
3288,94,0
3289,91,0
3290,92,0
3292,94,0
3293,95,0
3294,96,0
3295,97,0
3296,98,0
3297,99,0
3297,103,0
3298,108,0
3299,111,0
3300,112,0
3301,111,0
3302,110,0
3303,108,0
3304,106,0
3305,105,0
3306,104,0
3307,99,0
3308,95,0
3309,92,0
3310,91,0
3311,93,0
3312,95,0
3313,98,0
3314,100,0
3315,101,0
3316,102,0
3317,105,0
3318,109,0
3319,112,0
3320,112,0
3321,110,0
3322,109,0
3323,106,0
3324,106,0
3325,104,0
3326,105,0
3327,101,0
3328,96,0
3329,93,0
3330,92,0
3331,93,0
3331,96,0
3332,97,0
3333,100,0
3335,102,0
3336,102,0
3337,104,0
3338,110,0
3339,113,0
3340,112,0
3341,111,0
3342,108,0
3343,107,0
3344,104,0
3345,104,0
3346,103,0
3347,101,0
3348,96,0
3349,92,0
3350,92,0
3351,93,0
3352,95,0
3353,97,0
3354,100,0
3355,101,0
3356,101,0
3357,103,0
3358,108,0
3359,111,0
3360,113,0
3361,111,0
3362,108,0
3363,107,0
3364,106,0
3365,104,0
3366,103,0
3367,102,0
3368,96,0
3369,93,0
3369,92,0
3370,93,0
3371,95,0
3372,98,0
3373,97,0
3374,99,0
3375,101,0
3377,100,0
3378,105,0
3379,110,0
3380,113,0
3381,113,0
3382,112,0
3383,109,0
3384,107,0
3385,106,0
3386,104,0
3387,103,0
3388,97,0
3389,93,0
3390,92,0
3391,92,0
3392,93,0
3392,95,0
3393,98,0
3394,100,0
3395,101,0
3396,102,0
3397,106,0
3398,107,0
3399,102,0
3400,142,0
3401,162,0
3402,146,0
3403,137,0
3404,133,0
3405,128,0
3406,125,0
3407,117,0
3408,111,0
3409,107,0
3410,106,0
3411,107,0
3412,109,0
3413,109,0
3414,109,0
3415,105,0
3416,103,0
3417,103,0
3418,105,0
3420,106,0
3421,104,0
3422,101,0
3423,101,0
3424,100,0
3425,100,0
3426,101,0
3427,101,0
3428,97,0
3429,94,0
3430,93,0
3431,94,0
3432,96,0
3433,98,0
3434,100,0
3435,103,0
3436,104,0
3437,104,0
3438,109,0
3439,112,0
3440,114,0
3441,112,0
3442,110,0
3443,109,0
3444,107,0
3445,106,0
3446,104,0
3447,103,0
3448,99,0
3448,94,0
3449,93,0
3450,94,0
3451,96,0
3452,98,0
3453,100,0
3454,101,0
3455,103,0
3456,103,0
3457,108,0
3458,112,0
3459,114,0
3460,112,0
3461,111,0
3463,108,0
3464,107,0
3465,105,0
3466,104,0
3467,103,0
3468,99,0
3469,94,0
3470,92,0
3471,93,0
3472,94,0
3473,96,0
3473,99,0
3474,101,0
3475,102,0
3476,103,0
3477,107,0
3478,111,0
3479,113,0
3480,112,0
3481,110,0
3482,108,0
3483,106,0
3484,105,0
3485,104,0
3486,104,0
3487,100,0
3488,96,0
3489,95,0
3490,94,0
3491,96,0
3492,97,0
3493,101,0
3494,101,0
3495,102,0
3496,101,0
3497,105,0
3498,110,0
3499,112,0
3500,113,0
3501,111,0
3502,110,0
3503,108,0
3505,106,0
3506,104,0
3507,104,0
3508,99,0
3509,96,0
3510,94,0
3511,93,0
3511,94,0
3512,97,0
3513,98,0
3514,101,0
3515,103,0
3516,103,0
3517,105,0
3518,111,0
3519,114,0
3520,113,0
3521,112,0
3522,110,0
3523,107,0
3524,105,0
3525,105,0
3526,104,0
3527,101,0
3528,96,0
3529,92,0
3530,93,0
3531,93,0
3532,96,0
3533,98,0
3534,100,0
3535,102,0
3536,103,0
3537,105,0
3538,110,0
3539,113,0
3540,114,0
3541,112,0
3542,109,0
3543,107,0
3544,105,0
3545,105,0
3546,104,0
3548,101,0
3549,97,0
3550,93,0
3550,92,0
3551,94,0
3552,96,0
3553,98,0
3554,101,0
3555,100,0
3556,102,0
3557,104,0
3558,109,0
3559,111,0
3560,112,0
3561,111,0
3562,109,0
3563,107,0
3564,106,0
3565,104,0
3566,104,0
3567,100,0
3568,97,0
3569,94,0
3570,92,0
3571,94,0
3572,95,0
3573,98,0
3573,101,0
3574,103,0
3575,105,0
3576,103,0
3577,96,0
3578,153,0
3579,208,0
3580,249,0
3581,277,0
3582,299,0
3583,316,0
3584,329,0
3585,340,0
3586,349,0
3587,351,0
3588,355,0
3589,359,0
3591,357,0
3592,338,0
3593,281,0
3594,247,0
3595,222,0
3596,202,0
3597,188,0
3598,180,0
3599,172,0
3600,163,0
3601,154,0
3602,145,0
3603,140,0
3604,133,0
3605,130,0
3606,127,0
3607,122,0
3608,112,0
3609,104,0
3610,94,0
3611,88,0
3612,84,0
3613,83,0
3614,84,0
3615,86,0
3616,89,0
3617,94,0
3618,101,0
3619,109,0
3620,112,0
3621,113,0
3622,112,0
3623,111,0
3624,110,0
3625,109,0
3626,109,0
3627,107,0
3628,101,0
3629,98,0
3629,96,0
3630,97,0
3631,98,0
3633,101,0
3634,104,0
3635,105,0
3636,107,0
3637,108,0
3638,113,0
3639,115,0
3640,117,0
3641,115,0
3642,114,0
3643,112,0
3644,110,0
3645,108,0
3646,108,0
3647,105,0
3648,100,0
3649,96,0
3650,95,0
3651,95,0
3652,97,0
3653,99,0
3654,102,0
3655,103,0
3656,105,0
3657,107,0
3658,111,0
3659,115,0
3660,117,0
3661,115,0
3662,114,0
3663,111,0
3664,109,0
3665,107,0
3666,106,0
3667,104,0
3668,99,0
3669,96,0
3669,95,0
3670,96,0
3671,97,0
3672,100,0
3673,103,0
3674,105,0
3676,105,0
3677,107,0
3678,112,0
3679,114,0
3680,116,0
3681,114,0
3682,113,0
3683,110,0
3684,110,0
3685,108,0
3686,107,0
3687,105,0
3688,100,0
3689,96,0
3690,95,0
3691,97,0
3692,97,0
3693,100,0
3694,102,0
3695,104,0
3696,105,0
3697,106,0
3698,110,0
3699,114,0
3700,114,0
3701,115,0
3702,113,0
3703,111,0
3704,108,0
3705,107,0
3706,106,0
3707,105,0
3708,99,0
3709,96,0
3710,94,0
3710,95,0
3711,97,0
3712,100,0
3713,102,0
3714,103,0
3715,104,0
3716,106,0
3717,111,0
3719,114,0
3720,115,0
3721,114,0
3722,112,0
3723,111,0
3724,109,0
3725,107,0
3726,106,0
3727,105,0
3728,99,0
3729,96,0
3730,95,0
3731,95,0
3732,98,0
3733,99,0
3734,101,0
3735,103,0
3736,104,0
3737,104,0
3738,109,0
3739,113,0
3740,114,0
3741,113,0
3742,111,0
3743,110,0
3744,108,0
3745,107,0
3746,106,0
3747,105,0
3748,99,0
3749,96,0
3749,95,0
3750,95,0
3751,96,0
3752,98,0
3753,101,0
3754,102,0
3755,103,0
3756,102,0
3757,108,0
3758,111,0
3759,113,0
3761,113,0
3762,111,0
3763,110,0
3764,108,0
3765,106,0
3766,103,0
3767,106,0
3768,102,0
3769,98,0
3770,95,0
3771,96,0
3772,98,0
3773,101,0
3774,105,0
3775,107,0
3776,109,0
3777,110,0
3778,114,0
3779,119,0
3780,121,0
3781,120,0
3782,118,0
3783,115,0
3784,114,0
3785,112,0
3786,111,0
3787,110,0
3788,105,0
3789,100,0
3790,99,0
3791,100,0
3792,101,0
3793,104,0
3794,106,0
3795,109,0
3796,109,0
3797,112,0
3798,115,0
3799,120,0
3800,121,0
3801,120,0
3802,118,0
3804,116,0
3805,112,0
3806,111,0
3807,111,0
3808,108,0
3809,103,0
3810,100,0
3811,99,0
3811,100,0
3812,102,0
3813,104,0
3814,108,0
3815,108,0
3816,110,0
3817,113,0
3818,118,0
3819,120,0
3820,121,0
3821,120,0
3822,118,0
3823,114,0
3824,112,0
3825,111,0
3826,112,0
3827,107,0
3828,103,0
3829,99,0
3830,99,0
3831,101,0
3832,102,0
3833,106,0
3834,108,0
3835,110,0
3836,110,0
3837,114,0
3838,118,0
3839,121,0
3840,121,0
3841,119,0
3842,116,0
3843,115,0
3844,113,0
3845,111,0
3847,110,0
3848,106,0
3849,102,0
3850,99,0
3851,100,0
3852,101,0
3853,104,0
3854,105,0
3855,109,0
3856,111,0
3857,111,0
3858,115,0
3859,120,0
3860,121,0
3861,121,0
3862,118,0
3863,116,0
3864,113,0
3865,112,0
3866,110,0
3867,110,0
3868,105,0
3869,101,0
3870,99,0
3871,100,0
3872,103,0
3873,104,0
3874,107,0
3875,108,0
3876,110,0
3877,111,0
3878,117,0
3879,119,0
3880,121,0
3881,120,0
3882,118,0
3883,115,0
3884,114,0
3885,112,0
3886,112,0
3887,108,0
3889,104,0
3890,100,0
3891,100,0
3892,100,0
3893,104,0
3894,106,0
3895,108,0
3896,109,0
3897,111,0
3898,114,0
3899,119,0
3900,121,0
3901,122,0
3902,120,0
3903,118,0
3904,115,0
3905,114,0
3906,111,0
3907,111,0
3908,106,0
3909,102,0
3910,99,0
3911,100,0
3912,102,0
3913,104,0
3914,107,0
3915,108,0
3916,111,0
3917,110,0
3918,116,0
3919,119,0
3920,122,0
3921,122,0
3922,118,0
3923,116,0
3924,114,0
3925,113,0
3926,111,0
3927,110,0
3928,105,0
3929,101,0
3930,99,0
3930,100,0
3932,102,0
3933,105,0
3934,108,0
3935,108,0
3936,110,0
3937,112,0
3938,117,0
3939,119,0
3940,122,0
3941,120,0
3942,119,0
3943,115,0
3944,114,0
3945,112,0
3946,112,0
3947,108,0
3948,104,0
3949,101,0
3950,100,0
3951,101,0
3952,103,0
3953,106,0
3954,109,0
3955,109,0
3956,110,0
3957,114,0
3958,118,0
3959,121,0
3960,122,0
3961,120,0
3962,118,0
3963,115,0
3964,113,0
3965,111,0
3966,111,0
3967,107,0
3968,102,0
3969,100,0
3970,101,0
3971,102,0
3972,104,0
3973,107,0
3975,109,0
3976,111,0
3977,112,0
3978,116,0
3979,120,0
3980,122,0
3981,121,0
3982,120,0
3983,117,0
3984,115,0
3985,113,0
3986,111,0
3987,110,0
3988,106,0
3989,102,0
3990,101,0
3991,100,0
3992,103,0
3993,106,0
3994,109,0
3995,109,0
3996,110,0
3997,113,0
3998,118,0
3999,121,0
4000,122,0
4001,121,0
4002,118,0
4003,115,0
4004,114,0
4005,113,0
4006,113,0
4007,108,0
4008,104,0
4009,100,0
4010,100,0
4011,101,0
4012,104,0
4013,107,0
4014,109,0
4015,111,0
4017,111,0
4018,116,0
4019,119,0
4020,122,0
4021,122,0
4022,121,0
4023,118,0
4024,116,0
4025,114,0
4026,112,0
4027,111,0
4028,107,0
4029,102,0
4030,100,0
4031,101,0
4032,103,0
4033,105,0
4034,108,0
4035,109,0
4036,111,0
4037,113,0
4038,117,0
4039,121,0
4040,123,0
4041,122,0
4042,119,0
4043,117,0
4044,114,0
4045,113,0
4046,112,0
4047,110,0
4048,106,0
4049,101,0
4050,101,0
4051,101,0
4052,104,0
4053,105,0
4054,108,0
4055,109,0
4056,111,0
4057,115,0
4058,119,0
4060,122,0
4061,123,0
4062,121,0
4063,119,0
4064,117,0
4065,114,0
4066,113,0
4067,113,0
4068,109,0
4069,104,0
4070,101,0
4071,101,0
4072,101,0
4073,105,0
4074,108,0
4075,110,0
4076,110,0
4077,111,0
4078,116,0
4079,120,0
4080,122,0
4081,122,0
4082,119,0
4083,117,0
4084,115,0
4085,114,0
4086,111,0
4087,111,0
4088,106,0
4089,102,0
4090,101,0
4091,101,0
4092,102,0
4093,106,0
4094,107,0
4095,110,0
4096,111,0
4097,113,0
4098,118,0
4099,121,0
4100,122,0
4101,121,0
4103,119,0
4104,116,0
4105,114,0
4106,112,0
4107,112,0
4108,109,0
4109,103,0
4110,101,0
4111,101,0
4112,101,0
4113,104,0
4114,107,0
4115,109,0
4116,111,0
4117,111,0
4118,115,0
4119,119,0
4120,122,0
4121,122,0
4122,121,0
4123,117,0
4124,116,0
4125,113,0
4126,111,0
4127,111,0
4128,105,0
4129,103,0
4130,100,0
4131,100,0
4132,102,0
4133,105,0
4134,108,0
4135,110,0
4136,111,0
4137,112,0
4138,117,0
4139,121,0
4140,124,0
4141,121,0
4142,121,0
4143,117,0
4145,115,0
4146,112,0
4147,111,0
4148,109,0
4149,104,0
4150,100,0
4151,100,0
4152,102,0
4153,104,0
4154,106,0
4155,109,0
4156,111,0
4157,110,0
4158,113,0
4159,118,0
4160,121,0
4161,122,0
4162,119,0
4163,119,0
4164,115,0
4165,113,0
4166,110,0
4167,111,0
4168,107,0
4169,103,0
4170,100,0
4171,100,0
4172,101,0
4173,105,0
4174,106,0
4175,109,0
4176,111,0
4177,111,0
4178,115,0
4179,119,0
4180,121,0
4181,121,0
4181,120,0
4182,117,0
4183,115,0
4184,113,0
4185,111,0
4186,110,0
4188,105,0
4189,101,0
4190,99,0
4191,99,0
4192,102,0
4193,105,0
4194,107,0
4195,109,0
4196,111,0
4197,112,0
4198,115,0
4199,120,0
4200,121,0
4201,121,0
4202,118,0
4203,117,0
4204,113,0
4205,112,0
4206,111,0
4207,110,0
4208,105,0
4209,101,0
4210,100,0
4211,101,0
4212,102,0
4213,106,0
4214,107,0
4215,110,0
4216,110,0
4217,113,0
4218,117,0
4219,121,0
4220,121,0
4221,121,0
4222,118,0
4223,116,0
4224,113,0
4225,111,0
4226,111,0
4227,109,0
4228,103,0
4229,101,0
4231,99,0
4232,100,0
4233,103,0
4234,105,0
4235,108,0
4236,109,0
4237,110,0
4238,113,0
4239,118,0
4240,120,0
4241,121,0
4242,119,0
4243,118,0
4244,114,0
4245,113,0
4246,111,0
4247,111,0
4248,107,0
4249,102,0
4250,100,0
4251,100,0
4252,102,0
4253,105,0
4254,108,0
4255,110,0
4256,111,0
4257,112,0
4258,116,0
4259,121,0
4260,122,0
4261,121,0
4262,119,0
4263,117,0
4264,115,0
4265,113,0
4266,111,0
4267,111,0
4268,106,0
4269,102,0
4270,100,0
4271,102,0
4273,103,0
4274,107,0
4275,108,0
4276,111,0
4277,110,0
4278,114,0
4279,118,0
4280,122,0
4281,123,0
4282,121,0
4283,119,0
4284,117,0
4285,115,0
4286,114,0
4287,112,0
4288,109,0
4289,105,0
4290,101,0
4291,101,0
4292,102,0
4293,104,0
4294,107,0
4295,109,0
4296,111,0
4297,111,0
4298,116,0
4299,120,0
4300,122,0
4301,121,0
4302,120,0
4303,118,0
4304,115,0
4305,113,0
4306,111,0
4307,111,0
4308,106,0
4309,100,0
4310,99,0
4311,99,0
4312,101,0
4313,104,0
4314,105,0
4316,109,0
4317,110,0
4318,113,0
4319,117,0
4320,119,0
4321,137,0
4322,195,0
4323,238,0
4324,221,0
4325,190,0
4326,172,0
4327,159,0
4328,149,0
4329,138,0
4330,128,0
4331,122,0
4332,119,0
4333,118,0
4333,119,0
4334,120,0
4335,116,0
4336,107,0
4337,100,0
4338,141,0
4339,146,0
4340,139,0
4341,135,0
4342,130,0
4343,127,0
4344,123,0
4345,121,0
4346,119,0
4347,115,0
4348,109,0
4349,106,0
4350,105,0
4351,105,0
4352,102,0
4353,95,0
4354,86,0
4355,134,0
4356,128,0
4357,129,0
4359,129,0
4360,133,0
4361,130,0
4362,127,0
4363,123,0
4364,121,0
4365,118,0
4366,116,0
4367,114,0
4368,111,0
4369,104,0
4370,96,0
4371,88,0
4372,78,0
4373,111,0
4374,124,0
4375,120,0
4376,119,0
4377,120,0
4378,124,0
4379,126,0
4380,128,0
4381,126,0
4382,123,0
4383,120,0
4384,118,0
4385,115,0
4386,113,0
4387,108,0
4388,94,0
4389,121,0
4390,130,0
4391,122,0
4392,119,0
4393,119,0
4394,119,0
4395,119,0
4396,119,0
4397,119,0
4398,122,0
4399,125,0
4401,126,0
4402,122,0
4403,119,0
4404,111,0
4405,103,0
4406,96,0
4407,91,0
4408,88,0
4408,82,0
4409,77,0
4410,77,0
4411,78,0
4412,81,0
4413,84,0
4414,87,0
4415,91,0
4416,93,0
4417,94,0
4418,99,0
4419,104,0
4420,108,0
4421,109,0
4421,106,0
4422,106,0
4423,104,0
4424,102,0
4425,101,0
4426,101,0
4427,98,0
4428,93,0
4429,90,0
4430,88,0
4431,90,0
4432,91,0
4433,93,0
4434,95,0
4435,96,0
4436,97,0
4437,99,0
4438,104,0
4439,108,0
4440,111,0
4441,110,0
4442,109,0
4442,106,0
4444,103,0
4445,102,0
4446,99,0
4447,100,0
4448,96,0
4449,92,0
4450,90,0
4451,90,0
4452,91,0
4453,94,0
4454,96,0
4455,98,0
4456,99,0
4457,99,0
4458,100,0
4459,106,0
4460,109,0
4461,109,0
4462,108,0
4463,108,0
4464,104,0
4464,103,0
4465,102,0
4466,101,0
4467,99,0
4468,95,0
4469,92,0
4470,89,0
4471,91,0
4472,92,0
4473,94,0
4474,97,0
4475,98,0
4476,100,0
4477,100,0
4478,105,0
4479,109,0
4480,112,0
4481,110,0
4482,109,0
4483,106,0
4484,104,0
4485,103,0
4487,102,0
4488,101,0
4489,97,0
4490,93,0
4490,91,0
4491,90,0
4492,93,0
4493,94,0
4494,96,0
4495,98,0
4496,99,0
4497,100,0
4498,103,0
4499,107,0
4500,111,0
4501,111,0
4502,109,0
4503,106,0
4504,104,0
4505,103,0
4506,102,0
4507,103,0
4508,100,0
4509,95,0
4510,92,0
4511,92,0
4512,93,0
4512,94,0
4513,96,0
4514,98,0
4515,100,0
4516,99,0
4517,101,0
4518,107,0
4519,110,0
4520,112,0
4521,109,0
4522,108,0
4523,105,0
4524,105,0
4525,103,0
4526,103,0
4527,101,0
4529,96,0
4530,93,0
4531,91,0
4532,92,0
4533,93,0
4534,95,0
4535,97,0
4535,100,0
4536,102,0
4537,103,0
4538,106,0
4539,111,0
4540,111,0
4541,110,0
4542,107,0
4543,106,0
4544,105,0
4545,104,0
4546,103,0
4547,103,0
4548,99,0
4549,94,0
4550,92,0
4551,93,0
4552,95,0
4553,95,0
4554,92,0
4555,86,0
4556,78,0
4557,103,0
4558,108,0
4559,115,0
4560,120,0
4561,122,0
4562,121,0
4563,117,0
4564,115,0
4565,114,0
4566,113,0
4567,111,0
4568,107,0
4569,101,0
4570,97,0
4572,93,0
4572,90,0
4573,88,0
4574,87,0
4575,87,0
4576,87,0
4577,88,0
4578,93,0
4579,98,0
4580,103,0
4581,106,0
4582,107,0
4583,107,0
4584,105,0
4585,104,0
4586,103,0
4587,103,0
4588,102,0
4589,97,0
4590,94,0
4591,93,0
4591,93,0
4592,95,0
4593,97,0
4594,98,0
4595,100,0
4596,102,0
4597,102,0
4598,106,0
4599,111,0
4600,112,0
4601,111,0
4602,109,0
4603,106,0
4604,106,0
4605,104,0
4606,103,0
4607,102,0
4608,98,0
4609,95,0
4610,93,0
4611,93,0
4612,94,0
4613,95,0
4615,98,0
4615,100,0
4616,101,0
4617,101,0
4618,105,0
4619,110,0
4620,112,0
4621,112,0
4622,109,0
4623,108,0
4624,106,0
4625,105,0
4626,103,0
4627,103,0
4628,99,0
4629,94,0
4630,91,0
4631,92,0
4632,94,0
4633,96,0
4634,98,0
4635,99,0
4636,100,0
4637,101,0
4638,104,0
4639,109,0
4640,113,0
4641,112,0
4642,110,0
4643,109,0
4644,107,0
4645,106,0
4646,102,0
4647,103,0
4648,100,0
4649,96,0
4650,93,0
4650,92,0
4651,94,0
4652,95,0
4653,98,0
4654,99,0
4655,102,0
4657,103,0
4658,104,0
4659,108,0
4660,112,0
4661,112,0
4662,111,0
4663,109,0
4664,107,0
4665,105,0
4666,104,0
4667,103,0
4668,101,0
4669,96,0
4670,93,0
4671,92,0
4672,94,0
4673,96,0
4674,98,0
4674,100,0
4675,100,0
4676,102,0
4677,104,0
4678,108,0
4679,111,0
4680,112,0
4681,111,0
4682,109,0
4683,107,0
4684,106,0
4685,104,0
4686,103,0
4687,102,0
4688,98,0
4689,94,0
4690,92,0
4691,93,0
4692,94,0
4693,97,0
4694,99,0
4695,101,0
4696,102,0
4697,103,0
4698,107,0
4700,111,0
4701,113,0
4702,112,0
4703,110,0
4704,109,0
4705,106,0
4706,105,0
4707,103,0
4708,104,0
4709,97,0
4710,93,0
4711,92,0
4711,92,0
4712,94,0
4713,96,0
4714,99,0
4715,101,0
4716,101,0
4717,102,0
4718,106,0
4719,110,0
4720,113,0
4721,112,0
4722,111,0
4723,109,0
4724,107,0
4725,106,0
4726,105,0
4727,106,0
4728,103,0
4729,98,0
4730,96,0
4731,97,0
4732,100,0
4733,102,0
4734,105,0
4735,103,0
4736,92,0
4737,77,0
4738,76,0
4739,151,0
4740,136,0
4741,132,0
4743,129,0
4744,127,0
4745,123,0
4746,119,0
4747,117,0
4747,116,0
4748,110,0
4749,105,0
4750,102,0
4751,102,0
4752,103,0
4753,104,0
4754,101,0
4755,96,0
4756,89,0
4757,82,0
4758,84,0
4759,86,0
4760,88,0
4761,91,0
4762,92,0
4763,94,0
4764,95,0
4765,96,0
4766,97,0
4766,98,0
4767,100,0
4768,98,0
4769,95,0
4770,93,0
4771,93,0
4772,95,0
4773,98,0
4774,99,0
4775,102,0
4776,102,0
4777,104,0
4778,107,0
4779,112,0
4780,115,0
4781,114,0
4782,111,0
4783,110,0
4785,109,0
4786,107,0
4787,106,0
4788,105,0
4789,100,0
4790,97,0
4791,94,0
4791,94,0
4792,95,0
4793,98,0
4794,99,0
4795,102,0
4796,103,0
4797,103,0
4798,106,0
4799,112,0
4800,114,0
4801,114,0
4802,112,0
4803,111,0
4804,108,0
4805,107,0
4806,104,0
4807,104,0
4808,100,0
4809,96,0
4810,93,0
4811,92,0
4812,94,0
4813,97,0
4814,99,0
4815,102,0
4816,104,0
4817,103,0
4818,106,0
4819,111,0
4820,114,0
4821,114,0
4822,113,0
4823,110,0
4824,108,0
4825,106,0
4826,105,0
4828,104,0
4829,101,0
4830,97,0
4830,93,0
4831,93,0
4832,94,0
4833,97,0
4834,99,0
4835,100,0
4836,102,0
4837,102,0
4838,104,0
4839,110,0
4840,113,0
4841,113,0
4842,111,0
4843,110,0
4844,108,0
4845,106,0
4846,105,0
4847,105,0
4848,103,0
4849,98,0
4850,94,0
4851,93,0
4852,95,0
4853,97,0
4854,99,0
4854,101,0
4855,102,0
4856,104,0
4857,105,0
4858,109,0
4859,113,0
4860,113,0
4861,112,0
4862,110,0
4863,107,0
4864,107,0
4865,103,0
4866,104,0
4867,101,0
4868,98,0
4869,94,0
4871,93,0
4872,94,0
4873,96,0
4874,98,0
4875,101,0
4876,102,0
4877,104,0
4878,104,0
4879,109,0
4880,112,0
4881,114,0
4882,113,0
4883,111,0
4884,109,0
4885,107,0
4886,105,0
4887,104,0
4888,103,0
4889,98,0
4890,95,0
4891,93,0
4892,93,0
4892,95,0
4893,97,0
4894,99,0
4895,101,0
4896,102,0
4897,102,0
4898,107,0
4899,111,0
4900,114,0
4901,111,0
4902,110,0
4903,109,0
4904,107,0
4905,105,0
4906,105,0
4907,104,0
4908,100,0
4909,96,0
4910,94,0
4911,94,0
4913,89,0
4914,81,0
4915,145,0
4916,200,0
4917,196,0
4918,173,0
4919,164,0
4920,159,0
4921,153,0
4922,146,0
4923,139,0
4924,133,0
4925,128,0
4926,124,0
4927,119,0
4928,118,0
4929,112,0
4930,104,0
4931,97,0
4932,92,0
4932,91,0
4933,90,0
4934,90,0
4935,92,0
4936,93,0
4937,94,0
4938,99,0
4939,105,0
4940,109,0
4941,110,0
4942,108,0
4943,109,0
4944,108,0
4945,106,0
4946,106,0
4947,106,0
4948,103,0
4949,99,0
4950,96,0
4951,95,0
4952,96,0
4952,98,0
4953,100,0
4954,101,0
4956,103,0
4957,104,0
4958,106,0
4959,111,0
4960,113,0
4961,112,0
4962,112,0
4963,110,0
4964,108,0
4965,106,0
4966,105,0
4967,105,0
4968,103,0
4969,97,0
4970,95,0
4971,94,0
4972,95,0
4973,97,0
4974,100,0
4975,101,0
4976,103,0
4977,104,0
4978,107,0
4979,110,0
4980,113,0
4981,113,0
4982,112,0
4983,110,0
4984,108,0
4985,107,0
4986,106,0
4987,106,0
4988,103,0
4989,97,0
4990,94,0
4991,94,0
4992,94,0
4992,97,0
4993,99,0
4994,100,0
4995,102,0
4996,102,0
4997,104,0
4999,109,0
